record_id,generated_baseline,provenance_kind,generator,source_id,build_id,evidence_status,epistemic_status,validation_status,target_build_observed,live_capture,field_id,access_class,applicable_families,state_question_coverage,expert_use,decision_effect,omission_risk,ablation_condition,evidence_status_note
expert-use:state.identity,true,synthetic_requirements_baseline,sts2-expert-state-package-baseline-v1,SRC-SPEC-ATTACHMENT,public-v0.107.1+steam-23811903,proposed,hypothesized,required,false,false,state.identity,DERIVED_EXACT,all,q09_required_observations;q11_expert_use;q13_policy;q15_memory_importance,selects the state policy and gates the legal-action catalog,"constrains legality, calculation, estimation, or resource planning",wrong-screen mutation or unsafe policy dispatch,remove_or_mask_then_measure_action_agreement_regret_legality_and_survival,requirements baseline; importance is not empirically validated
expert-use:state.parent,true,synthetic_requirements_baseline,sts2-expert-state-package-baseline-v1,SRC-SPEC-ATTACHMENT,public-v0.107.1+steam-23811903,proposed,hypothesized,required,false,false,state.parent,DERIVED_EXACT,all,q09_required_observations;q11_expert_use;q13_policy;q15_memory_importance,selects family-level policy and recovery defaults,"constrains legality, calculation, estimation, or resource planning",family policy mismatch,remove_or_mask_then_measure_action_agreement_regret_legality_and_survival,requirements baseline; importance is not empirically validated
expert-use:state.input_enabled,true,synthetic_requirements_baseline,sts2-expert-state-package-baseline-v1,SRC-SPEC-ATTACHMENT,public-v0.107.1+steam-23811903,proposed,hypothesized,required,false,false,state.input_enabled,VIS_DIRECT,all,q09_required_observations;q11_expert_use;q13_policy;q15_memory_importance,hard gate against dispatch during animation or disabled input,"constrains legality, calculation, estimation, or resource planning",stale or duplicated mutation,remove_or_mask_then_measure_action_agreement_regret_legality_and_survival,requirements baseline; importance is not empirically validated
expert-use:state.stability,true,synthetic_requirements_baseline,sts2-expert-state-package-baseline-v1,SRC-SPEC-ATTACHMENT,public-v0.107.1+steam-23811903,proposed,hypothesized,required,false,false,state.stability,DERIVED_EXACT,all,q09_required_observations;q11_expert_use;q13_policy;q15_memory_importance,chooses wait/reobserve versus strategic policy,"constrains legality, calculation, estimation, or resource planning",action during unresolved transition,remove_or_mask_then_measure_action_agreement_regret_legality_and_survival,requirements baseline; importance is not empirically validated
expert-use:state.observation_generation,true,synthetic_requirements_baseline,sts2-expert-state-package-baseline-v1,SRC-SPEC-ATTACHMENT,public-v0.107.1+steam-23811903,proposed,hypothesized,required,false,false,state.observation_generation,DERIVED_EXACT,all,q09_required_observations;q11_expert_use;q13_policy;q15_memory_importance,fences actions against stale snapshots,"constrains legality, calculation, estimation, or resource planning",action applied to changed state,remove_or_mask_then_measure_action_agreement_regret_legality_and_survival,requirements baseline; importance is not empirically validated
expert-use:state.transition_id,true,synthetic_requirements_baseline,sts2-expert-state-package-baseline-v1,SRC-SPEC-ATTACHMENT,public-v0.107.1+steam-23811903,proposed,hypothesized,required,false,false,state.transition_id,OBS_HISTORY,all,q09_required_observations;q11_expert_use;q13_policy;q15_memory_importance,"correlates proposed action, settlement, and postcondition","constrains legality, calculation, estimation, or resource planning",unreconcilable action outcome,remove_or_mask_then_measure_action_agreement_regret_legality_and_survival,requirements baseline; importance is not empirically validated
expert-use:state.active_modal,true,synthetic_requirements_baseline,sts2-expert-state-package-baseline-v1,SRC-SPEC-ATTACHMENT,public-v0.107.1+steam-23811903,proposed,hypothesized,required,false,false,state.active_modal,VIS_DIRECT,all,q09_required_observations;q11_expert_use;q13_policy;q15_memory_importance,prevents hidden-modal input from consuming a strategic action,"constrains legality, calculation, estimation, or resource planning",wrong control activation,remove_or_mask_then_measure_action_agreement_regret_legality_and_survival,requirements baseline; importance is not empirically validated
expert-use:state.visible_controls,true,synthetic_requirements_baseline,sts2-expert-state-package-baseline-v1,SRC-SPEC-ATTACHMENT,public-v0.107.1+steam-23811903,proposed,hypothesized,required,false,false,state.visible_controls,VIS_DIRECT,all,q09_required_observations;q11_expert_use;q13_policy;q15_memory_importance,supports control availability and postcondition checks,"constrains legality, calculation, estimation, or resource planning",invented or unavailable action,remove_or_mask_then_measure_action_agreement_regret_legality_and_survival,requirements baseline; importance is not empirically validated
expert-use:state.inspection_surfaces,true,synthetic_requirements_baseline,sts2-expert-state-package-baseline-v1,SRC-SPEC-ATTACHMENT,public-v0.107.1+steam-23811903,proposed,hypothesized,required,false,false,state.inspection_surfaces,VIS_ON_DEMAND,all,q09_required_observations;q11_expert_use;q13_policy;q15_memory_importance,acquires legitimate detail without privileged reads,"constrains legality, calculation, estimation, or resource planning",avoidable uncertainty or wrong estimate,remove_or_mask_then_measure_action_agreement_regret_legality_and_survival,requirements baseline; importance is not empirically validated
expert-use:state.entry_context,true,synthetic_requirements_baseline,sts2-expert-state-package-baseline-v1,SRC-SPEC-ATTACHMENT,public-v0.107.1+steam-23811903,proposed,hypothesized,required,false,false,state.entry_context,OBS_HISTORY,all,q09_required_observations;q11_expert_use;q13_policy;q15_memory_importance,interprets stage and inherited constraints,"constrains legality, calculation, estimation, or resource planning",incorrect branch or memory update,remove_or_mask_then_measure_action_agreement_regret_legality_and_survival,requirements baseline; importance is not empirically validated
expert-use:state.exit_context,true,synthetic_requirements_baseline,sts2-expert-state-package-baseline-v1,SRC-SPEC-ATTACHMENT,public-v0.107.1+steam-23811903,proposed,hypothesized,required,false,false,state.exit_context,OBS_HISTORY,all,q09_required_observations;q11_expert_use;q13_policy;q15_memory_importance,sets postcondition and next-policy expectations,"constrains legality, calculation, estimation, or resource planning",false settlement,remove_or_mask_then_measure_action_agreement_regret_legality_and_survival,requirements baseline; importance is not empirically validated
expert-use:state.confusable_evidence,true,synthetic_requirements_baseline,sts2-expert-state-package-baseline-v1,SRC-SPEC-ATTACHMENT,public-v0.107.1+steam-23811903,proposed,hypothesized,required,false,false,state.confusable_evidence,DERIVED_EXACT,all,q09_required_observations;q11_expert_use;q13_policy;q15_memory_importance,requires disambiguation before irreversible action,"constrains legality, calculation, estimation, or resource planning",wrong state classification,remove_or_mask_then_measure_action_agreement_regret_legality_and_survival,requirements baseline; importance is not empirically validated
expert-use:state.recovery_policy,true,synthetic_requirements_baseline,sts2-expert-state-package-baseline-v1,SRC-SPEC-ATTACHMENT,public-v0.107.1+steam-23811903,proposed,hypothesized,required,false,false,state.recovery_policy,DERIVED_EXACT,all,q09_required_observations;q11_expert_use;q13_policy;q15_memory_importance,narrows authority after contradiction or timeout,"constrains legality, calculation, estimation, or resource planning",unsafe retry,remove_or_mask_then_measure_action_agreement_regret_legality_and_survival,requirements baseline; importance is not empirically validated
expert-use:run.character,true,synthetic_requirements_baseline,sts2-expert-state-package-baseline-v1,SRC-SPEC-ATTACHMENT,public-v0.107.1+steam-23811903,proposed,hypothesized,required,false,false,run.character,VIS_DIRECT,lifecycle;map;combat;rewards;events,q09_required_observations;q11_expert_use;q13_policy;q15_memory_importance,selects character resource and card policy,"constrains legality, calculation, estimation, or resource planning",wrong ruleset or card valuation,remove_or_mask_then_measure_action_agreement_regret_legality_and_survival,requirements baseline; importance is not empirically validated
expert-use:run.location,true,synthetic_requirements_baseline,sts2-expert-state-package-baseline-v1,SRC-SPEC-ATTACHMENT,public-v0.107.1+steam-23811903,proposed,hypothesized,required,false,false,run.location,VIS_DIRECT,lifecycle;map;combat;rewards;events,q09_required_observations;q11_expert_use;q13_policy;q15_memory_importance,sets planning horizon and encounter context,"constrains legality, calculation, estimation, or resource planning",route and resource-budget failure,remove_or_mask_then_measure_action_agreement_regret_legality_and_survival,requirements baseline; importance is not empirically validated
expert-use:run.resources,true,synthetic_requirements_baseline,sts2-expert-state-package-baseline-v1,SRC-SPEC-ATTACHMENT,public-v0.107.1+steam-23811903,proposed,hypothesized,required,false,false,run.resources,VIS_DIRECT,lifecycle;map;combat;rewards;events,q09_required_observations;q11_expert_use;q13_policy;q15_memory_importance,enforces survival and resource constraints,"constrains legality, calculation, estimation, or resource planning",avoidable death or illegal purchase,remove_or_mask_then_measure_action_agreement_regret_legality_and_survival,requirements baseline; importance is not empirically validated
expert-use:run.deck,true,synthetic_requirements_baseline,sts2-expert-state-package-baseline-v1,SRC-SPEC-ATTACHMENT,public-v0.107.1+steam-23811903,proposed,hypothesized,required,false,false,run.deck,VIS_ON_DEMAND,lifecycle;map;combat;rewards;events,q09_required_observations;q11_expert_use;q13_policy;q15_memory_importance,"supports card reward, shop, rest, and draw evaluation","constrains legality, calculation, estimation, or resource planning",dilution and synergy errors,remove_or_mask_then_measure_action_agreement_regret_legality_and_survival,requirements baseline; importance is not empirically validated
expert-use:run.inventory,true,synthetic_requirements_baseline,sts2-expert-state-package-baseline-v1,SRC-SPEC-ATTACHMENT,public-v0.107.1+steam-23811903,proposed,hypothesized,required,false,false,run.inventory,VIS_ON_DEMAND,lifecycle;map;combat;rewards;events,q09_required_observations;q11_expert_use;q13_policy;q15_memory_importance,"accounts for timing, capacity, and future option value","constrains legality, calculation, estimation, or resource planning",wrong sequencing or replacement choice,remove_or_mask_then_measure_action_agreement_regret_legality_and_survival,requirements baseline; importance is not empirically validated
expert-use:map.reachable,true,synthetic_requirements_baseline,sts2-expert-state-package-baseline-v1,SRC-SPEC-ATTACHMENT,public-v0.107.1+steam-23811903,proposed,hypothesized,required,false,false,map.reachable,DERIVED_EXACT,map,q09_required_observations;q11_expert_use;q13_policy;q15_memory_importance,hard legality mask for route actions,"constrains legality, calculation, estimation, or resource planning",illegal route or lost progression,remove_or_mask_then_measure_action_agreement_regret_legality_and_survival,requirements baseline; importance is not empirically validated
expert-use:combat.hand,true,synthetic_requirements_baseline,sts2-expert-state-package-baseline-v1,SRC-SPEC-ATTACHMENT,public-v0.107.1+steam-23811903,proposed,hypothesized,required,false,false,combat.hand,VIS_DIRECT,combat,q09_required_observations;q11_expert_use;q13_policy;q15_memory_importance,enumerates playable action sequences,"constrains legality, calculation, estimation, or resource planning",missed lethal or illegal card play,remove_or_mask_then_measure_action_agreement_regret_legality_and_survival,requirements baseline; importance is not empirically validated
expert-use:combat.enemies,true,synthetic_requirements_baseline,sts2-expert-state-package-baseline-v1,SRC-SPEC-ATTACHMENT,public-v0.107.1+steam-23811903,proposed,hypothesized,required,false,false,combat.enemies,VIS_DIRECT,combat,q09_required_observations;q11_expert_use;q13_policy;q15_memory_importance,target prioritization and deterministic survival,"constrains legality, calculation, estimation, or resource planning",wrong target or death,remove_or_mask_then_measure_action_agreement_regret_legality_and_survival,requirements baseline; importance is not empirically validated
expert-use:combat.intents,true,synthetic_requirements_baseline,sts2-expert-state-package-baseline-v1,SRC-SPEC-ATTACHMENT,public-v0.107.1+steam-23811903,proposed,hypothesized,required,false,false,combat.intents,VIS_DIRECT,combat,q09_required_observations;q11_expert_use;q13_policy;q15_memory_importance,computes visible incoming damage and survival constraints,"constrains legality, calculation, estimation, or resource planning",avoidable HP loss or death,remove_or_mask_then_measure_action_agreement_regret_legality_and_survival,requirements baseline; importance is not empirically validated
expert-use:combat.piles,true,synthetic_requirements_baseline,sts2-expert-state-package-baseline-v1,SRC-SPEC-ATTACHMENT,public-v0.107.1+steam-23811903,proposed,hypothesized,required,false,false,combat.piles,VIS_ON_DEMAND,combat,q09_required_observations;q11_expert_use;q13_policy;q15_memory_importance,"draw probabilities, reshuffle boundaries, and sequencing","constrains legality, calculation, estimation, or resource planning",wrong next-turn estimate,remove_or_mask_then_measure_action_agreement_regret_legality_and_survival,requirements baseline; importance is not empirically validated
expert-use:economy.offers,true,synthetic_requirements_baseline,sts2-expert-state-package-baseline-v1,SRC-SPEC-ATTACHMENT,public-v0.107.1+steam-23811903,proposed,hypothesized,required,false,false,economy.offers,VIS_DIRECT,rewards,q09_required_observations;q11_expert_use;q13_policy;q15_memory_importance,"compares cards/items against skip, reserve, and bundles","constrains legality, calculation, estimation, or resource planning",regretful purchase or reward,remove_or_mask_then_measure_action_agreement_regret_legality_and_survival,requirements baseline; importance is not empirically validated
expert-use:choice.options,true,synthetic_requirements_baseline,sts2-expert-state-package-baseline-v1,SRC-SPEC-ATTACHMENT,public-v0.107.1+steam-23811903,proposed,hypothesized,required,false,false,choice.options,VIS_DIRECT,rewards;events;lifecycle,q09_required_observations;q11_expert_use;q13_policy;q15_memory_importance,prevents invented options and supports consequence comparison,"constrains legality, calculation, estimation, or resource planning",invalid or harmful choice,remove_or_mask_then_measure_action_agreement_regret_legality_and_survival,requirements baseline; importance is not empirically validated
expert-use:selection.domain,true,synthetic_requirements_baseline,sts2-expert-state-package-baseline-v1,SRC-SPEC-ATTACHMENT,public-v0.107.1+steam-23811903,proposed,hypothesized,required,false,false,selection.domain,DERIVED_EXACT,combat;rewards;events,q09_required_observations;q11_expert_use;q13_policy;q15_memory_importance,hard target and candidate mask,"constrains legality, calculation, estimation, or resource planning",wrong card/target selection,remove_or_mask_then_measure_action_agreement_regret_legality_and_survival,requirements baseline; importance is not empirically validated
expert-use:history.actions,true,synthetic_requirements_baseline,sts2-expert-state-package-baseline-v1,SRC-SPEC-ATTACHMENT,public-v0.107.1+steam-23811903,proposed,hypothesized,required,false,false,history.actions,OBS_HISTORY,all,q09_required_observations;q11_expert_use;q13_policy;q15_memory_importance,"reconstructs pile movement, counters, route, and calibration facts","constrains legality, calculation, estimation, or resource planning",inconsistent planning state,remove_or_mask_then_measure_action_agreement_regret_legality_and_survival,requirements baseline; importance is not empirically validated
expert-use:derived.legal_actions,true,synthetic_requirements_baseline,sts2-expert-state-package-baseline-v1,SRC-SPEC-ATTACHMENT,public-v0.107.1+steam-23811903,proposed,hypothesized,required,false,false,derived.legal_actions,DERIVED_EXACT,all,q09_required_observations;q11_expert_use;q13_policy;q15_memory_importance,restricts policy output to current legal actions,"constrains legality, calculation, estimation, or resource planning",illegal or invented command,remove_or_mask_then_measure_action_agreement_regret_legality_and_survival,requirements baseline; importance is not empirically validated
expert-use:derived.survival_lethal,true,synthetic_requirements_baseline,sts2-expert-state-package-baseline-v1,SRC-SPEC-ATTACHMENT,public-v0.107.1+steam-23811903,proposed,hypothesized,required,false,false,derived.survival_lethal,DERIVED_EXACT,combat,q09_required_observations;q11_expert_use;q13_policy;q15_memory_importance,"orders lethal, survival, and resource-preservation checks","constrains legality, calculation, estimation, or resource planning",tactical regret or death,remove_or_mask_then_measure_action_agreement_regret_legality_and_survival,requirements baseline; importance is not empirically validated
expert-use:estimate.risk_budget,true,synthetic_requirements_baseline,sts2-expert-state-package-baseline-v1,SRC-SPEC-ATTACHMENT,public-v0.107.1+steam-23811903,proposed,hypothesized,required,false,false,estimate.risk_budget,ESTIMATED,map;combat;rewards;events,q09_required_observations;q11_expert_use;q13_policy;q15_memory_importance,sets route and resource risk posture,"constrains legality, calculation, estimation, or resource planning",over-risking or excessive hoarding,remove_or_mask_then_measure_action_agreement_regret_legality_and_survival,requirements baseline; importance is not empirically validated
expert-use:estimate.future_distribution,true,synthetic_requirements_baseline,sts2-expert-state-package-baseline-v1,SRC-SPEC-ATTACHMENT,public-v0.107.1+steam-23811903,proposed,hypothesized,required,false,false,estimate.future_distribution,ESTIMATED,map;combat;rewards;events,q09_required_observations;q11_expert_use;q13_policy;q15_memory_importance,"discounts uncertain draws, events, route outcomes, and enemy behavior","constrains legality, calculation, estimation, or resource planning",overconfident speculation,remove_or_mask_then_measure_action_agreement_regret_legality_and_survival,requirements baseline; importance is not empirically validated
expert-use:security.hidden_future_rng,true,synthetic_requirements_baseline,sts2-expert-state-package-baseline-v1,SRC-SPEC-ATTACHMENT,public-v0.107.1+steam-23811903,proposed,hypothesized,required,false,false,security.hidden_future_rng,PRIVILEGED,all,q09_required_observations;q11_expert_use;q13_policy;q15_memory_importance,must never influence policy,none; denied,fair-play violation,remove_or_mask_then_measure_action_agreement_regret_legality_and_survival,requirements baseline; importance is not empirically validated
expert-use:state.contextual_domain,true,synthetic_requirements_baseline,sts2-expert-state-package-baseline-v1,SRC-SPEC-ATTACHMENT,public-v0.107.1+steam-23811903,proposed,hypothesized,required,false,false,state.contextual_domain,VIS_ON_DEMAND,all,q09_required_observations;q11_expert_use;q13_policy;q15_memory_importance,supplies state-family-specific candidate details,"constrains legality, calculation, estimation, or resource planning",avoidable uncertainty in nested choices,remove_or_mask_then_measure_action_agreement_regret_legality_and_survival,requirements baseline; importance is not empirically validated
